loss_type,accuracy,precision,recall,f1_score
contrastive,0.6938775510204082,0.6774172131314989,0.6938775510204082,0.6815718236132459
triplet,0.0,0.0,0.0,0.0
